"GEO_ID","NAME","POPGROUP","POPGROUP_LABEL","B08303_001E","B08303_001M","B08303_001MA","B08303_001EA","B08303_002E","B08303_002M","B08303_002MA","B08303_002EA","B08303_003E","B08303_003M","B08303_003MA","B08303_003EA","B08303_004E","B08303_004M","B08303_004MA","B08303_004EA","B08303_005E","B08303_005M","B08303_005MA","B08303_005EA","B08303_006E","B08303_006EA","B08303_006M","B08303_006MA","B08303_007E","B08303_007M","B08303_007MA","B08303_007EA","B08303_008E","B08303_008M","B08303_008MA","B08303_008EA","B08303_009E","B08303_009M","B08303_009MA","B08303_009EA","B08303_010E","B08303_010M","B08303_010MA","B08303_010EA","B08303_011E","B08303_011M","B08303_011MA","B08303_011EA","B08303_012E","B08303_012M","B08303_012MA","B08303_012EA","B08303_013E","B08303_013M","B08303_013MA","B08303_013EA",
"Geography","Geographic Area Name","Race/Ethnic Group","Population Groups","Estimate!!Total:","Margin of Error!!Total:","Annotation of Margin of Error!!Total:","Annotation of Estimate!!Total:","Estimate!!Total:!!Less than 5 minutes","Margin of Error!!Total:!!Less than 5 minutes","Annotation of Margin of Error!!Total:!!Less than 5 minutes","Annotation of Estimate!!Total:!!Less than 5 minutes","Estimate!!Total:!!5 to 9 minutes","Margin of Error!!Total:!!5 to 9 minutes","Annotation of Margin of Error!!Total:!!5 to 9 minutes","Annotation of Estimate!!Total:!!5 to 9 minutes","Estimate!!Total:!!10 to 14 minutes","Margin of Error!!Total:!!10 to 14 minutes","Annotation of Margin of Error!!Total:!!10 to 14 minutes","Annotation of Estimate!!Total:!!10 to 14 minutes","Estimate!!Total:!!15 to 19 minutes","Margin of Error!!Total:!!15 to 19 minutes","Annotation of Margin of Error!!Total:!!15 to 19 minutes","Annotation of Estimate!!Total:!!15 to 19 minutes","Estimate!!Total:!!20 to 24 minutes","Annotation of Estimate!!Total:!!20 to 24 minutes","Margin of Error!!Total:!!20 to 24 minutes","Annotation of Margin of Error!!Total:!!20 to 24 minutes","Estimate!!Total:!!25 to 29 minutes","Margin of Error!!Total:!!25 to 29 minutes","Annotation of Margin of Error!!Total:!!25 to 29 minutes","Annotation of Estimate!!Total:!!25 to 29 minutes","Estimate!!Total:!!30 to 34 minutes","Margin of Error!!Total:!!30 to 34 minutes","Annotation of Margin of Error!!Total:!!30 to 34 minutes","Annotation of Estimate!!Total:!!30 to 34 minutes","Estimate!!Total:!!35 to 39 minutes","Margin of Error!!Total:!!35 to 39 minutes","Annotation of Margin of Error!!Total:!!35 to 39 minutes","Annotation of Estimate!!Total:!!35 to 39 minutes","Estimate!!Total:!!40 to 44 minutes","Margin of Error!!Total:!!40 to 44 minutes","Annotation of Margin of Error!!Total:!!40 to 44 minutes","Annotation of Estimate!!Total:!!40 to 44 minutes","Estimate!!Total:!!45 to 59 minutes","Margin of Error!!Total:!!45 to 59 minutes","Annotation of Margin of Error!!Total:!!45 to 59 minutes","Annotation of Estimate!!Total:!!45 to 59 minutes","Estimate!!Total:!!60 to 89 minutes","Margin of Error!!Total:!!60 to 89 minutes","Annotation of Margin of Error!!Total:!!60 to 89 minutes","Annotation of Estimate!!Total:!!60 to 89 minutes","Estimate!!Total:!!90 or more minutes","Margin of Error!!Total:!!90 or more minutes","Annotation of Margin of Error!!Total:!!90 or more minutes","Annotation of Estimate!!Total:!!90 or more minutes",
"0500000US36001","Albany County, New York","001","Total population","143937","2247","null","null","3723","557","null","null","15393","1020","null","null","24393","1388","null","null","31313","1453","null","null","26818","null","1342","null","11087","799","null","null","15741","1059","null","null","2903","458","null","null","3064","509","null","null","5282","568","null","null","2432","446","null","null","1788","377","null","null",
"0500000US36003","Allegany County, New York","001","Total population","17530","480","null","null","1497","197","null","null","3130","305","null","null","2544","227","null","null","2166","252","null","null","2010","null","189","null","1144","140","null","null","1977","234","null","null","491","81","null","null","557","96","null","null","902","126","null","null","678","109","null","null","434","86","null","null",
"0500000US36005","Bronx County, New York","001","Total population","544865","5568","null","null","5459","790","null","null","15058","1116","null","null","26350","1708","null","null","34588","1853","null","null","41035","null","1817","null","18885","1367","null","null","76018","2837","null","null","14597","1000","null","null","33253","1734","null","null","88692","2766","null","null","136941","3630","null","null","53989","2609","null","null",
"0500000US36007","Broome County, New York","001","Total population","78913","1499","null","null","3215","472","null","null","10832","674","null","null","17598","1039","null","null","17773","965","null","null","12267","null","827","null","3981","385","null","null","5395","505","null","null","937","206","null","null","1522","336","null","null","2026","319","null","null","1820","331","null","null","1547","325","null","null",
"0500000US36009","Cattaraugus County, New York","001","Total population","30367","760","null","null","2432","341","null","null","5641","503","null","null","4997","416","null","null","3788","312","null","null","3294","null","256","null","1546","205","null","null","2461","263","null","null","754","138","null","null","782","139","null","null","2258","264","null","null","1800","262","null","null","614","122","null","null",
"0500000US36011","Cayuga County, New York","001","Total population","32126","845","null","null","1820","270","null","null","5220","514","null","null","4972","456","null","null","4616","410","null","null","3608","null","343","null","1716","238","null","null","3492","398","null","null","1190","240","null","null","1389","197","null","null","2627","327","null","null","931","141","null","null","545","162","null","null",
"0500000US36013","Chautauqua County, New York","001","Total population","51254","1086","null","null","3844","449","null","null","10415","747","null","null","10441","702","null","null","8334","630","null","null","5189","null","430","null","2370","354","null","null","4060","418","null","null","1036","252","null","null","1041","160","null","null","2508","352","null","null","1291","224","null","null","725","233","null","null",
"0500000US36015","Chemung County, New York","001","Total population","34277","966","null","null","1783","346","null","null","6011","496","null","null","6914","600","null","null","6984","574","null","null","4814","null","581","null","1759","269","null","null","2420","299","null","null","325","101","null","null","528","136","null","null","1334","217","null","null","736","181","null","null","669","170","null","null",
"0500000US36017","Chenango County, New York","001","Total population","19678","613","null","null","1538","269","null","null","3205","321","null","null","2743","335","null","null","2555","305","null","null","2393","null","233","null","1302","241","null","null","1993","208","null","null","543","144","null","null","577","127","null","null","1352","203","null","null","985","164","null","null","492","113","null","null",
"0500000US36019","Clinton County, New York","001","Total population","33407","993","null","null","1954","426","null","null","5740","688","null","null","6771","556","null","null","5992","596","null","null","3986","null","510","null","2111","382","null","null","2611","378","null","null","730","213","null","null","707","195","null","null","1055","252","null","null","1254","274","null","null","496","147","null","null",
"0500000US36021","Columbia County, New York","001","Total population","25328","770","null","null","1820","307","null","null","3521","401","null","null","3256","360","null","null","2801","358","null","null","3204","null","439","null","1511","275","null","null","2592","313","null","null","1102","234","null","null","949","185","null","null","2472","304","null","null","1314","247","null","null","786","177","null","null",
"0500000US36023","Cortland County, New York","001","Total population","21179","669","null","null","1358","329","null","null","3904","471","null","null","3619","383","null","null","2619","312","null","null","2318","null","292","null","844","100","null","null","2059","352","null","null","708","206","null","null","1097","181","null","null","1860","283","null","null","525","112","null","null","268","68","null","null",
"0500000US36025","Delaware County, New York","001","Total population","17418","576","null","null","1640","279","null","null","2558","299","null","null","2469","258","null","null","2183","307","null","null","1668","null","248","null","1280","217","null","null","1835","217","null","null","432","124","null","null","517","117","null","null","1318","236","null","null","670","147","null","null","848","207","null","null",
"0500000US36027","Dutchess County, New York","001","Total population","130297","2050","null","null","4608","594","null","null","12198","842","null","null","15781","1025","null","null","18184","1155","null","null","15174","null","981","null","7529","672","null","null","14417","787","null","null","3971","470","null","null","5399","547","null","null","11924","693","null","null","12154","844","null","null","8958","748","null","null",
"0500000US36029","Erie County, New York","001","Total population","420232","3597","null","null","13268","1196","null","null","46595","1792","null","null","65915","2070","null","null","79892","2004","null","null","77665","null","2136","null","34868","1342","null","null","52117","1598","null","null","10180","778","null","null","10845","878","null","null","15458","873","null","null","8296","741","null","null","5133","620","null","null",
"0500000US36031","Essex County, New York","001","Total population","15229","668","null","null","1248","239","null","null","3189","412","null","null","2733","359","null","null","1584","297","null","null","1240","null","221","null","667","152","null","null","1467","289","null","null","460","159","null","null","588","168","null","null","779","173","null","null","792","233","null","null","482","143","null","null",
"0500000US36033","Franklin County, New York","001","Total population","17001","570","null","null","1738","318","null","null","3126","353","null","null","2677","377","null","null","2416","367","null","null","2252","null","290","null","850","190","null","null","1471","228","null","null","232","56","null","null","303","101","null","null","898","209","null","null","719","138","null","null","319","102","null","null",
"0500000US36035","Fulton County, New York","001","Total population","22898","680","null","null","1374","277","null","null","3010","430","null","null","3673","449","null","null","3215","394","null","null","3056","null","405","null","1217","272","null","null","1897","356","null","null","638","202","null","null","813","173","null","null","1909","353","null","null","1601","273","null","null","495","160","null","null",
"0500000US36037","Genesee County, New York","001","Total population","27034","707","null","null","1669","303","null","null","3846","411","null","null","3765","396","null","null","4097","417","null","null","3469","null","384","null","1497","191","null","null","2354","328","null","null","1477","260","null","null","1169","177","null","null","2214","242","null","null","1153","256","null","null","324","146","null","null",
"0500000US36039","Greene County, New York","001","Total population","19234","782","null","null","846","197","null","null","2371","433","null","null","2339","411","null","null","2284","367","null","null","1825","null","288","null","918","168","null","null","2055","318","null","null","1133","301","null","null","1049","278","null","null","2572","410","null","null","1266","240","null","null","576","182","null","null",
"0500000US36043","Herkimer County, New York","001","Total population","25460","630","null","null","1946","394","null","null","3270","385","null","null","3322","378","null","null","3174","430","null","null","3277","null","372","null","2192","371","null","null","3119","366","null","null","1132","260","null","null","928","177","null","null","1557","253","null","null","939","204","null","null","604","136","null","null",
"0500000US36045","Jefferson County, New York","001","Total population","50245","1026","null","null","3327","392","null","null","8963","575","null","null","8622","685","null","null","9624","734","null","null","6868","null","588","null","3211","433","null","null","4500","475","null","null","962","274","null","null","1149","249","null","null","1514","264","null","null","803","135","null","null","702","181","null","null",
"0500000US36047","Kings County, New York","001","Total population","1088284","5992","null","null","10754","1054","null","null","27084","1347","null","null","49156","1934","null","null","63693","2177","null","null","78250","null","2208","null","38061","1642","null","null","172231","3560","null","null","42002","1622","null","null","88922","2461","null","null","209810","3494","null","null","231974","3795","null","null","76347","2374","null","null",
"0500000US36049","Lewis County, New York","001","Total population","11121","337","null","null","1466","270","null","null","1215","191","null","null","1547","196","null","null","1572","174","null","null","1406","null","174","null","600","136","null","null","1024","124","null","null","171","54","null","null","374","124","null","null","773","115","null","null","541","104","null","null","432","112","null","null",
"0500000US36051","Livingston County, New York","001","Total population","26377","759","null","null","1697","230","null","null","3760","448","null","null","3266","380","null","null","2862","408","null","null","2671","null","318","null","2189","360","null","null","3338","427","null","null","1434","212","null","null","1240","238","null","null","2215","270","null","null","1316","254","null","null","389","113","null","null",
"0500000US36053","Madison County, New York","001","Total population","28410","839","null","null","1227","210","null","null","3707","371","null","null","3924","408","null","null","3649","426","null","null","3723","null","490","null","1861","351","null","null","4419","550","null","null","1286","284","null","null","1573","271","null","null","1686","243","null","null","929","204","null","null","426","127","null","null",
"0500000US36055","Monroe County, New York","001","Total population","330485","3219","null","null","8453","757","null","null","36536","1600","null","null","57270","1916","null","null","67672","2136","null","null","67262","null","1922","null","30375","1468","null","null","32961","1505","null","null","6084","557","null","null","5811","573","null","null","8466","709","null","null","6051","565","null","null","3544","376","null","null",
"0500000US36057","Montgomery County, New York","001","Total population","19859","631","null","null","917","198","null","null","3254","358","null","null","3376","401","null","null","2021","259","null","null","1833","null","322","null","1260","221","null","null","2088","324","null","null","703","134","null","null","1048","214","null","null","1957","319","null","null","1178","169","null","null","224","77","null","null",
"0500000US36059","Nassau County, New York","001","Total population","619162","4296","null","null","9967","1033","null","null","39046","1633","null","null","59477","2041","null","null","71240","2257","null","null","73130","null","2246","null","33210","1639","null","null","84780","2413","null","null","17064","989","null","null","32192","1386","null","null","57608","1885","null","null","93186","2657","null","null","48262","2058","null","null",
"0500000US36061","New York County, New York","001","Total population","736311","6909","null","null","11407","1236","null","null","30681","1899","null","null","47081","2272","null","null","72891","2538","null","null","104206","null","3587","null","57846","2486","null","null","150210","3835","null","null","35581","2256","null","null","55072","2399","null","null","89024","3380","null","null","61176","2810","null","null","21136","1707","null","null",
"0500000US36063","Niagara County, New York","001","Total population","92588","1411","null","null","3465","479","null","null","10746","667","null","null","14067","832","null","null","14010","937","null","null","12583","null","852","null","8546","773","null","null","12242","885","null","null","4204","536","null","null","3769","555","null","null","6105","621","null","null","1803","326","null","null","1048","226","null","null",
"0500000US36065","Oneida County, New York","001","Total population","93577","1553","null","null","4034","428","null","null","14606","968","null","null","19439","1205","null","null","17473","933","null","null","12640","null","828","null","5523","571","null","null","7877","742","null","null","1857","307","null","null","1953","257","null","null","4182","464","null","null","2639","411","null","null","1354","270","null","null",
"0500000US36067","Onondaga County, New York","001","Total population","203214","2070","null","null","6084","588","null","null","22483","1007","null","null","36693","1393","null","null","46405","1390","null","null","39585","null","1325","null","15287","870","null","null","16825","808","null","null","3555","390","null","null","3877","446","null","null","5793","500","null","null","3865","455","null","null","2762","395","null","null",
"0500000US36069","Ontario County, New York","001","Total population","50186","1012","null","null","1901","324","null","null","7297","638","null","null","7053","519","null","null","5902","534","null","null","6660","null","540","null","4217","416","null","null","6504","624","null","null","2838","359","null","null","2085","415","null","null","3448","451","null","null","1641","271","null","null","640","167","null","null",
"0500000US36071","Orange County, New York","001","Total population","167029","2207","null","null","4461","596","null","null","16891","1188","null","null","21803","1310","null","null","21058","1200","null","null","18958","null","1164","null","8672","672","null","null","16888","1050","null","null","4622","644","null","null","6542","654","null","null","14180","1009","null","null","17112","1300","null","null","15842","1103","null","null",
"0500000US36073","Orleans County, New York","001","Total population","15993","562","null","null","947","229","null","null","2237","264","null","null","2172","316","null","null","2144","310","null","null","1606","null","263","null","644","146","null","null","1580","259","null","null","876","171","null","null","819","167","null","null","1792","293","null","null","966","265","null","null","210","99","null","null",
"0500000US36075","Oswego County, New York","001","Total population","50698","1150","null","null","2681","437","null","null","6933","488","null","null","6928","686","null","null","6090","498","null","null","5451","null","473","null","4021","478","null","null","6415","508","null","null","2614","459","null","null","2471","367","null","null","4319","418","null","null","1746","239","null","null","1029","234","null","null",
"0500000US36077","Otsego County, New York","001","Total population","24798","687","null","null","1177","232","null","null","4234","465","null","null","3519","371","null","null","4104","396","null","null","2927","null","328","null","1604","208","null","null","2787","276","null","null","965","205","null","null","558","146","null","null","1257","210","null","null","993","211","null","null","673","154","null","null",
"0500000US36079","Putnam County, New York","001","Total population","44649","1139","null","null","809","170","null","null","2903","439","null","null","4378","539","null","null","4287","575","null","null","3431","null","515","null","1978","421","null","null","5082","582","null","null","1963","469","null","null","2475","344","null","null","7118","610","null","null","6328","625","null","null","3897","431","null","null",
"0500000US36081","Queens County, New York","001","Total population","1038725","6027","null","null","8528","673","null","null","25104","1648","null","null","50373","2099","null","null","65676","2037","null","null","83033","null","2316","null","38055","1555","null","null","168265","4279","null","null","31435","1477","null","null","72395","2248","null","null","178453","3512","null","null","222822","4109","null","null","94586","2703","null","null",
"0500000US36083","Rensselaer County, New York","001","Total population","71776","1359","null","null","2201","395","null","null","6115","675","null","null","8536","855","null","null","12406","920","null","null","14354","null","1044","null","7604","730","null","null","8795","696","null","null","2145","336","null","null","2670","396","null","null","4553","470","null","null","1262","205","null","null","1135","243","null","null",
"0500000US36085","Richmond County, New York","001","Total population","204871","3315","null","null","2336","448","null","null","7892","867","null","null","14629","1033","null","null","20021","1222","null","null","20637","null","1436","null","8706","878","null","null","23786","1515","null","null","4852","712","null","null","8949","978","null","null","21753","1437","null","null","41834","2123","null","null","29476","1675","null","null",
"0500000US36087","Rockland County, New York","001","Total population","134171","2044","null","null","3566","498","null","null","12908","1021","null","null","17098","1168","null","null","19932","1227","null","null","16575","null","1171","null","6049","627","null","null","14267","1130","null","null","3595","451","null","null","5754","706","null","null","12382","863","null","null","13592","912","null","null","8453","703","null","null",
"0500000US36089","St. Lawrence County, New York","001","Total population","40855","1019","null","null","3025","394","null","null","8667","670","null","null","6589","572","null","null","5331","522","null","null","4473","null","410","null","2348","323","null","null","3140","472","null","null","1419","228","null","null","1401","275","null","null","2371","341","null","null","1222","201","null","null","869","164","null","null",
"0500000US36091","Saratoga County, New York","001","Total population","108919","2011","null","null","2841","465","null","null","9754","690","null","null","14733","1036","null","null","15716","1034","null","null","17039","null","957","null","9925","892","null","null","14897","836","null","null","4550","531","null","null","5160","617","null","null","9056","781","null","null","3643","534","null","null","1605","363","null","null",
"0500000US36093","Schenectady County, New York","001","Total population","66765","1393","null","null","1517","323","null","null","6790","622","null","null","11218","942","null","null","10530","770","null","null","9592","null","688","null","5897","638","null","null","10272","870","null","null","2466","379","null","null","2542","479","null","null","3978","523","null","null","1047","210","null","null","916","204","null","null",
"0500000US36095","Schoharie County, New York","001","Total population","12208","381","null","null","632","133","null","null","1072","192","null","null","1642","238","null","null","1498","232","null","null","1220","null","175","null","467","94","null","null","981","124","null","null","396","100","null","null","486","103","null","null","1877","227","null","null","1531","178","null","null","406","97","null","null",
"0500000US36097","Schuyler County, New York","001","Total population","7293","310","null","null","545","160","null","null","763","142","null","null","710","113","null","null","807","153","null","null","695","null","120","null","709","165","null","null","892","168","null","null","362","129","null","null","492","111","null","null","784","195","null","null","227","118","null","null","307","139","null","null",
"0500000US36099","Seneca County, New York","001","Total population","13921","511","null","null","806","164","null","null","2214","323","null","null","2617","295","null","null","1945","311","null","null","1889","null","301","null","620","123","null","null","1310","216","null","null","368","96","null","null","427","97","null","null","946","167","null","null","559","180","null","null","220","84","null","null",
"0500000US36101","Steuben County, New York","001","Total population","39183","723","null","null","2549","360","null","null","6919","555","null","null","6216","489","null","null","5443","436","null","null","4784","null","388","null","2382","282","null","null","3905","335","null","null","999","161","null","null","1228","205","null","null","2217","227","null","null","1885","232","null","null","656","126","null","null",
"0500000US36103","Suffolk County, New York","001","Total population","702733","4365","null","null","15494","1128","null","null","54686","1952","null","null","82744","2681","null","null","93262","2675","null","null","94170","null","2267","null","42282","1720","null","null","105454","3193","null","null","19556","1281","null","null","28869","1467","null","null","59350","2348","null","null","56224","2028","null","null","50642","1817","null","null",
"0500000US36105","Sullivan County, New York","001","Total population","29322","952","null","null","1396","311","null","null","2766","357","null","null","4385","654","null","null","4252","557","null","null","4670","null","662","null","1936","298","null","null","2898","424","null","null","956","249","null","null","661","150","null","null","2020","371","null","null","1534","264","null","null","1848","376","null","null",
"0500000US36107","Tioga County, New York","001","Total population","21223","597","null","null","1066","220","null","null","2890","338","null","null","2501","326","null","null","3038","368","null","null","2742","null","348","null","1744","259","null","null","3256","392","null","null","686","152","null","null","824","156","null","null","1650","308","null","null","514","147","null","null","312","132","null","null",
"0500000US36109","Tompkins County, New York","001","Total population","43394","1443","null","null","1313","285","null","null","5297","541","null","null","8625","780","null","null","9197","810","null","null","7086","null","645","null","3162","552","null","null","4330","559","null","null","585","191","null","null","660","190","null","null","1500","294","null","null","983","294","null","null","656","222","null","null",
"0500000US36111","Ulster County, New York","001","Total population","75508","1773","null","null","2884","419","null","null","7303","596","null","null","11374","757","null","null","10758","914","null","null","9551","null","773","null","4474","558","null","null","8412","622","null","null","2273","348","null","null","3567","533","null","null","6609","592","null","null","4689","653","null","null","3614","458","null","null",
"0500000US36113","Warren County, New York","001","Total population","29931","846","null","null","2104","445","null","null","4987","507","null","null","5027","533","null","null","4621","492","null","null","3326","null","451","null","1366","262","null","null","3125","369","null","null","842","166","null","null","823","186","null","null","1673","300","null","null","1495","238","null","null","542","133","null","null",
"0500000US36115","Washington County, New York","001","Total population","25826","778","null","null","1415","298","null","null","2972","470","null","null","3338","410","null","null","3303","451","null","null","3106","null","459","null","1707","321","null","null","3334","464","null","null","1237","238","null","null","957","237","null","null","2522","345","null","null","1514","257","null","null","421","105","null","null",
"0500000US36117","Wayne County, New York","001","Total population","40606","1036","null","null","2484","373","null","null","4973","593","null","null","4684","449","null","null","4355","515","null","null","4865","null","512","null","3697","564","null","null","5902","486","null","null","2248","319","null","null","1980","306","null","null","3460","401","null","null","1421","279","null","null","537","142","null","null",
"0500000US36119","Westchester County, New York","001","Total population","424657","3682","null","null","8738","910","null","null","31689","1900","null","null","42631","2085","null","null","49469","1986","null","null","50073","null","2077","null","23718","1426","null","null","53143","2033","null","null","13258","986","null","null","18875","1405","null","null","43541","1517","null","null","60838","2098","null","null","28684","1517","null","null",
"0500000US36121","Wyoming County, New York","001","Total population","16996","540","null","null","1528","330","null","null","2394","265","null","null","2000","290","null","null","1830","215","null","null","1982","null","259","null","1263","220","null","null","1431","194","null","null","727","160","null","null","610","159","null","null","1698","254","null","null","1281","242","null","null","252","77","null","null",
"0500000US36123","Yates County, New York","001","Total population","9369","402","null","null","790","167","null","null","1872","260","null","null","1196","196","null","null","1225","215","null","null","984","null","176","null","604","146","null","null","654","187","null","null","265","63","null","null","316","90","null","null","896","215","null","null","478","126","null","null","89","43","null","null",
